[
	{
		"_id": 1,
		"fecha": { "$date": 1392218911000 },
		"texto": "Before ask something like this first look for some doc. Start in here url",
		"valoracion":[{
        "fecha": { "$date": 1392218911000 },
        "nota": "bad",
        "idusuario": "drmane"
      },{
        "fecha": { "$date": 1392218911000 },
        "nota": "bad",
        "idusuario": "hristoivanov"
      }
					
    ] ,
		"idusuario": "AlbertoLorente92",
		"idpregunta": 1,
		"comentario": [
		{
			"fecha": { "$date": 1392218911000 },
			"texto": "That must be the worst answer ever told in this forum",
			"idusuario": "drmane"
		},
		{
			"fecha": { "$date": 1392218911000 },
			"texto": "Theres no point to be that mean, if dont want to help just go away",
			"idusuario": "linmdotor"
		}
		]
	}
	,
	{
		"_id": 2,
		"fecha": { "$date": 1392218911000 },
		"texto": "For doing that u need to do bla bla bla...",
		"valoracion": [{
        "fecha": { "$date": 1392218911000 },
        "nota": "good",
        "idusuario": "linmdotor"
      }
    ],
		"idusuario": "hristoivanov",
		"idpregunta": 1,
		"comentario": [{
			"fecha": { "$date": 1392218911000 },
			"texto": "Thanks for that, i can finally make it!",
			"idusuario": "linmdotor"
		}
		]
	}
	,
	{
		"_id": 3,
		"fecha": { "$date": 1392218911000 },
		"texto": "For make that you could use the '[]' sign",
		"valoracion":[{
        "fecha": { "$date": 1392218911000 },
        "nota": "good",
        "idusuario": "hristoivanov"
      }
    ],
		"idusuario": "AlbertoLorente92",
		"idpregunta": 2,
		"comentario": [{
			"fecha": { "$date": 1392218911000 },
			"texto": "And also dont forget to put ',' in between every item",
			"idusuario": "hristoivanov"
		}
		]
	}
	,
	{
		"_id": 4,
		"fecha": { "$date": 1392218911000 },
		"texto": "You coudl go to the page url and download the package from there",
		"valoracion": [{
        "fecha": { "$date": 1392218911000 },
        "nota": "good",
        "idusuario": "drmane" 
      }
    ],
		"idusuario": "linmdotor",
		"idpregunta": 3,
		"comentario": [{
			"fecha": { "$date": 1392218911000 },
			"texto": "I'm asking how to do it through command console",
			"idusuario": "drmane"
		},
		{
			"fecha": { "$date": 1392218911000 },
			"texto": "Then you should said that",
			"idusuario": "linmdotor"
		}
		]
	}
	,
	{
		"_id": 5,
		"fecha": { "$date": 1392218911000 },
		"texto": "Depending of the version that you need you may use this or that",
		"valoracion":[{
        "fecha": { "$date": 1392218911000 },
        "nota": "bad",
        "idusuario": "drmane"
      }
    ] ,
		"idusuario": "hristoivanov",
		"idpregunta": 3,
		"comentario": [{
			"fecha": { "$date": 1392218911000 },
			"texto": "Thank you man",
			"idusuario": "drmane"
		},
		{
			"fecha": { "$date": 1392218911000 },
			"texto": "Make sure you do apt-get update first",
			"idusuario": "AlbertoLorente92"
		}
		]
	}
]
