[
	{
		"_id": 1,
		"titulo": "How can i use mapreduce in mongodb?",
		"tags": ["mongodb","mapreduce"],
		"fecha": { "$date": 1392218911000 },
		"texto": "I have to make a practice about it and i have no idea how to do it",
		"idusuario": "linmdotor"
	}
	,
	{
		"_id": 2,
		"titulo": "How can i make a list of items in JSON?",
		"tags": ["json"],
		"fecha": { "$date": 1392218911000 },
		"texto": "I want to know how can i list some 'tags' inside only one attribute on json",
		"idusuario": "linmdotor"
	}
	,
	{
		"_id": 3,
		"titulo": "How do i install fortran in ubuntu?",
		"tags": ["fortran","linux","consol"],
		"fecha": { "$date": 1392218911000 },
		"texto": "sudo apt-getinstall gfortran didnt work",
		"idusuario": "drmane"
	}
	,
	{
		"_id": 4,
		"titulo": "How do i xxx in ubuntu?",
		"tags": ["linux"],
		"fecha": { "$date": 1392218911000 },
		"texto": "sudo su",
		"idusuario": "linmdotor"
	}
]
