[
	{
		"_id": "hristoivanov",
		"nombre": "hristo",
		"apellidos": "ivanov ivanov",
		"experiencia": ["python","java"],
		"fecha": { "$date": 1392218911000 },
		"direccion": {
			"pais": "spain",
			"ciudad": "madrid",
			"cp": "28005"
		}
	}
	,
	{
		"_id": "AlbertoLorente92",
		"nombre": "alberto",
		"apellidos": "lorente sanchez",
		"experiencia": ["java","html"],
		"fecha": { "$date": 1392218911000 },
		"direccion": {
			"pais": "spain",
			"ciudad": "madrid",
			"cp": "28005"
		}
	}
	,
	{
		"_id": "drmane",
		"nombre": "daniel",
		"apellidos": "ruiz manero",
		"experiencia": ["c++"],
		"fecha": { "$date": 1392218911000 },
		"direccion": {
			"pais": "spain",
			"ciudad": "burgos",
			"cp": "29000"
		}
	}
	,
	{
		"_id": "linmdotor",
		"nombre": "jesus",
		"apellidos": "martinez dotor",
		"experiencia": ["php","javascript"],
		"fecha": { "$date": 1392218911000 },
		"direccion": {
			"pais": "spain",
			"ciudad": "madrid",
			"cp": "28045"
		}
	}
]
